{"cameraMode":{"drawMode":0,"name":"Shaded","section":"Shading Mode"},"sceneLighting":false,"audioPlay":false,"sceneViewState":{"showFog":true,"showMaterialUpdate":false,"showSkybox":false,"showFlares":true,"showImageEffects":true,"showParticleSystems":true},"in2DMode":false,"pivot":{"x":0.1282970905303955,"y":3.779223680496216,"z":-2.958803653717041},"rotation":{"x":0.21979887783527375,"y":0.3642648756504059,"z":-0.09071876853704453,"w":0.9016324877738953},"size":3.6142079830169679,"orthographic":false}