{"cameraMode":{"drawMode":0,"name":"Shaded","section":"Shading Mode"},"sceneLighting":true,"audioPlay":false,"sceneViewState":{"showFog":true,"showMaterialUpdate":false,"showSkybox":false,"showFlares":true,"showImageEffects":true,"showParticleSystems":true},"in2DMode":false,"pivot":{"x":-105.7179183959961,"y":-32.572906494140628,"z":-106.4520263671875},"rotation":{"x":0.04129220172762871,"y":-0.9470444321632385,"z":0.12748941779136659,"w":0.2941846549510956},"size":111.46078491210938,"orthographic":false}