{"cameraMode":{"drawMode":0,"name":"Shaded","section":"Shading Mode"},"sceneLighting":true,"audioPlay":false,"sceneViewState":{"showFog":true,"showMaterialUpdate":false,"showSkybox":false,"showFlares":true,"showImageEffects":true,"showParticleSystems":true},"in2DMode":false,"pivot":{"x":139.74473571777345,"y":-54.15321350097656,"z":106.78587341308594},"rotation":{"x":-0.17825178802013398,"y":-0.3508845865726471,"z":0.06920210272073746,"w":-0.9171759486198425},"size":104.88805389404297,"orthographic":false}