{"cameraMode":{"drawMode":0,"name":"Shaded","section":"Shading Mode"},"sceneLighting":true,"audioPlay":false,"sceneViewState":{"showFog":true,"showMaterialUpdate":false,"showSkybox":true,"showFlares":true,"showImageEffects":true,"showParticleSystems":true},"in2DMode":false,"pivot":{"x":2.398235321044922,"y":16.11830711364746,"z":-12.759464263916016},"rotation":{"x":0.22734127938747407,"y":-0.5658974051475525,"z":0.1661238819360733,"w":0.7750475406646729},"size":4.94859504699707,"orthographic":false}