{"cameraMode":{"drawMode":0,"name":"Shaded","section":"Shading Mode"},"sceneLighting":true,"audioPlay":false,"sceneViewState":{"showFog":true,"showMaterialUpdate":false,"showSkybox":false,"showFlares":true,"showImageEffects":true,"showParticleSystems":true},"in2DMode":false,"pivot":{"x":25.845230102539064,"y":59.808528900146487,"z":-12.536808013916016},"rotation":{"x":0.09003689140081406,"y":-0.6192566156387329,"z":0.0708937868475914,"w":0.7771880030632019},"size":104.88804626464844,"orthographic":false}