{"cameraMode":{"drawMode":0,"name":"Shaded","section":"Shading Mode"},"sceneLighting":false,"audioPlay":false,"sceneViewState":{"showFog":true,"showMaterialUpdate":false,"showSkybox":false,"showFlares":true,"showImageEffects":true,"showParticleSystems":true},"in2DMode":false,"pivot":{"x":1.4752379655838013,"y":1.1396842002868653,"z":0.4729653298854828},"rotation":{"x":0.17159739136695863,"y":0.5882074236869812,"z":-0.1301240622997284,"w":0.7809282541275024},"size":2.649155378341675,"orthographic":false}