{"cameraMode":{"drawMode":0,"name":"Shaded","section":"Shading Mode"},"sceneLighting":false,"audioPlay":false,"sceneViewState":{"showFog":true,"showMaterialUpdate":false,"showSkybox":false,"showFlares":true,"showImageEffects":true,"showParticleSystems":true},"in2DMode":false,"pivot":{"x":-1.1295521259307862,"y":6.383397102355957,"z":17.705699920654298},"rotation":{"x":-0.004342940170317888,"y":0.9957867860794067,"z":-0.1011863648891449,"w":-0.017735948786139489},"size":3.7204973697662355,"orthographic":false}